USE SHOPAPP;

DROP TABLE IF EXISTS Shop;

create table IF NOT EXISTS Shop (
	shopId VARCHAR(50),
	name VARCHAR(255),
	rating DECIMAL(2,1),
	location VARCHAR(255),
	PRIMARY KEY (shopId)
);

insert into Shop (shopId, name, rating, location)
values
('93d773fe-4c26-46f4-a7dc-c767fbbd266e', 'Emmerich, Ullrich and Nicolas', 3.4, '361 4th Pass'),
('07972cc1-56bd-4207-bf10-e540e5311f18', 'Lind Inc', 4.0, '49 Knutson Avenue'),
('cbf0e5fe-dd63-4bb1-8378-4eb53b218212', 'Swaniawski-Flatley', 3.9, '695 Redwing Alley'),
('2ef1ce37-30f3-4a33-8961-5798cb8e3351', 'Labadie-Oberbrunner', 3.2, '8506 North Pass'),
('9f487d76-7174-4c26-89da-b41fbe0e5898', 'Hirthe LLC', 4.6, '94857 Hoffman Alley'),
('29148be9-9bac-4ff8-b734-c5a408a96093', 'Waelchi LLC', 3.9, '08364 Vera Pass'),
('e16dee69-e170-4a17-869f-45bedba0b40a', 'Boyer, Armstrong and Bayer', 1.3, '17617 Del Mar Terrace'),
('b61bd214-da1b-499f-9469-d610d565a808', 'Kuvalis, Nicolas and Prosacco', 4.4, '79964 Thierer Way'),
('3d63b043-2214-49a4-b0a4-2927d83cf133', 'Roberts-Marquardt', 3.8, '87287 Starling Hill'),
('93ee0bd4-6381-455f-b9a5-5489d11744c4', 'Ritchie-Connelly', 1.3, '37 Thompson Point'),
('0ee5a8d7-60d1-4808-b807-9f101a1e25ad', 'Langosh-Anderson', 1.2, '617 Randy Lane'),
('9fb2048f-688f-4a3d-aa40-9f1238c25c17', 'Hackett LLC', 3.8, '0 Roth Road'),
('e1dcc339-922c-461f-a099-9635b114ccda', 'Grant Inc', 2.2, '54 Mccormick Hill'),
('da258297-9c0a-49d8-99b0-7a285519351e', 'Kreiger-Becker', 1.2, '996 Pennsylvania Crossing'),
('cc2f516a-71f7-412e-b017-72d1140ad6cd', 'Lebsack-Emard', 4.4, '5 Katie Lane'),
('a4997afa-da5a-4f7b-b5ff-d53e93a229b5', 'Jerde-Heathcote', 5.0, '46897 Hauk Plaza'),
('62fd92f6-7e9a-41cb-a850-894de40c5fec', 'Raynor-Windler', 4.9, '22 Kedzie Avenue'),
('f764038e-1a5f-45aa-87ae-63acfda92381', 'Schuster LLC', 1.4, '28629 Haas Plaza'),
('9a983393-65dd-4f6f-b625-5ff8c2558a12', 'Donnelly, Hilpert and Kassulke', 4.1, '88779 Artisan Point'),
('ff507a85-5194-41fa-bf86-f23b7b910f9b', 'Hand and Sons', 1.1, '906 Luster Road'),
('55e0a867-0125-4725-ae92-3a0a62b90e06', 'Kirlin, Schaefer and Goyette', 3.0, '80863 Fieldstone Trail'),
('9d3e2262-37c5-4d9e-b132-b078705c572b', 'Donnelly-Nader', 1.7, '567 Welch Crossing'),
('1c9ef3df-bed1-4b11-90f8-49471d0d8048', 'Johnston Group', 4.0, '3489 Hooker Crossing'),
('64e85042-8a83-4471-ba1e-1ac4fa1b7f7f', 'Reinger LLC', 1.4, '97767 Bluestem Plaza'),
('d41adf51-3c28-4b7b-992d-c54ad337fef9', 'Streich, Volkman and Senger', 3.1, '2 Clemons Hill'),
('38f4bccc-4c46-472d-a279-31ff1d5a9a83', 'Hayes-Mueller', 3.2, '51 Homewood Point'),
('7ba43b53-5532-4f67-9c95-a90e1e8fb37b', 'Tremblay-Beahan', 3.8, '48 Trailsway Way'),
('99121aa0-3c41-4097-a615-d773e2edad1b', 'Rodriguez-Toy', 4.6, '305 Continental Lane'),
('0b0aa4e3-f6e9-40f2-a9a1-e970b9827846', 'Streich, Simonis and Stiedemann', 2.7, '520 School Point'),
('0ba79a57-ba94-46e5-b732-2fb1ae43aa9f', 'Kshlerin, Donnelly and Hermann', 4.5, '111 Scofield Crossing'),
('e1d55398-20c8-4e78-b2a9-1c027f6624f7', 'Cartwright-Kilback', 2.6, '71506 Fordem Place'),
('acba3e6d-7582-4430-9091-be0eb86ed797', 'Hammes-Crist', 1.3, '4218 Stuart Circle'),
('785ce364-c0e1-4e3a-adce-aa77deb0bc4b', 'Kozey-Connelly', 1.1, '2 Rusk Lane'),
('22a306a5-de89-4444-87f6-3783e5c75da9', 'Considine-Graham', 1.5, '06538 Jay Avenue'),
('a0a834c4-406f-4d2a-a55c-c6ea7945678d', 'Reinger, Mohr and Bradtke', 2.4, '3499 Marquette Center'),
('4da93b38-96bc-4fdf-9412-aa394f4595d0', 'Wolf, Cassin and Dicki', 4.9, '693 Sauthoff Avenue'),
('9295e51c-3894-45b8-b02e-28f04b0f45f4', 'Metz, Orn and Adams', 4.1, '2830 Melody Junction'),
('5f52bdab-9fc5-4d44-8407-c7486a66bec8', 'Robel, Morissette and Shields', 4.8, '1800 Brentwood Center'),
('9af683c6-bedc-4f29-b709-20877665ccba', 'Stroman LLC', 3.7, '5267 Badeau Point'),
('f6c45600-2487-44b1-9f0d-c50d7e3e33cc', 'McClure-Reinger', 3.4, '0303 Hansons Park'),
('90d28e44-8bc2-48dd-9208-8b87f1820a56', 'Torphy-Kunde', 1.1, '701 Elmside Parkway'),
('c4247eee-4be5-4c16-a3d4-9c2386d0c56d', 'Waters-Kihn', 3.1, '883 Vermont Alley'),
('e8aa5914-1c9f-440b-9c42-7f388e1b2b2e', 'Christiansen, Jacobs and Raynor', 3.8, '59373 Brickson Park Park'),
('18d83cc9-f6a9-48de-8775-ac2b66ac50d2', 'Towne-Kemmer', 1.9, '76250 Laurel Trail'),
('1a1bcc8c-81cd-4367-a9c6-39a28dc432ed', 'Runolfsdottir-Runolfsson', 3.3, '77 Anzinger Plaza'),
('d945d035-faf0-48fc-a0a9-f2a7c91e4e11', 'Rolfson, Hamill and Rolfson', 1.9, '25 Farragut Drive'),
('7ea736cc-0462-49d4-a066-2a858975b873', 'Larkin, Dare and Spinka', 2.0, '4745 Westend Pass'),
('a8a6600e-3ed8-4b4a-a30a-12afed3f3e16', 'Boyer-Purdy', 4.5, '03131 Lien Lane'),
('035d2317-fdfb-4995-8a3c-841cffa0d755', 'Lesch-Hodkiewicz', 2.8, '5103 Birchwood Junction'),
('830106f2-da49-4cf7-8d6a-90858f30a3e5', 'Satterfield, Waters and Swaniawski', 1.3, '83 Dahle Alley')

drop table if exists Item;

create table if not exists Item(
	itemId VARCHAR(50),
	shopId VARCHAR(50),
	name VARCHAR(255),
	price DECIMAL(6,1),
	keyword1 VARCHAR(50),
	keyword2 VARCHAR(50),
	keyword3 VARCHAR(50),
	primary key (itemId),
	foreign key (shopId) references Shop(shopId)
);

insert into Item (itemId, shopId, name, price, keyword1, keyword2, keyword3)
values
('27d02975-f4cd-4acf-b8b5-2b2b12fb06eb', '0ba79a57-ba94-46e5-b732-2fb1ae43aa9f', 'levofloxacin', 122.8, 'Maroon', 'Gevee', 'Beauty'),
('d7c07e2e-5572-4a5b-8614-2c9afc149c4f', '0b0aa4e3-f6e9-40f2-a9a1-e970b9827846', 'Permethrin', 70.0, 'Violet', 'Realcube', 'Outdoors'),
('1c3e8829-d67b-4f79-a6de-0246d791ef7e', '29148be9-9bac-4ff8-b734-c5a408a96093', 'ALCOHOL', 114.8, 'Teal', 'Chatterpoint', 'Sports'),
('3b825b23-400c-46cd-9697-546fb31065b9', '07972cc1-56bd-4207-bf10-e540e5311f18', 'Magnesium citrate', 61.1, 'Aquamarine', 'Gabcube', 'Games'),
('fe4a77aa-0edc-4ea7-873c-2291da6cf89e', '22a306a5-de89-4444-87f6-3783e5c75da9', 'METRONIDAZOLE', 84.0, 'Purple', 'Meevee', 'Beauty'),
('878bc059-14c5-45e9-98d9-53d8e5f56653', '0b0aa4e3-f6e9-40f2-a9a1-e970b9827846', 'Bethanechol Chloride', 73.5, 'Pink', 'Dabjam', 'Jewelry'),
('22ec7494-d0ac-4e4c-ac94-c0b01eedf1c4', '07972cc1-56bd-4207-bf10-e540e5311f18', 'Sodium Monofluorophosphate', 64.4, 'Puce', 'DabZ', 'Health'),
('db0b6d21-a74e-4bd0-9758-256278cbe91f', '22a306a5-de89-4444-87f6-3783e5c75da9', 'alcohol', 46.5, 'Violet', 'Kanoodle', 'Tools'),
('508afad8-5e70-457b-9457-3df13fde2d57', '07972cc1-56bd-4207-bf10-e540e5311f18', 'Dextromethorphan Hydrobromide', 137.9, 'Maroon', 'Wordware', 'Industrial'),
('a4473c3a-c19b-4aa8-99db-e99ed8062d0c', '0ba79a57-ba94-46e5-b732-2fb1ae43aa9f', 'Acetaminophen, Asprin, Caffeine', 90.8, 'Teal', 'Dabvine', 'Computers'),
('9c2ab756-44c0-4b8b-ba60-c4ed4f3fbf05', '0b0aa4e3-f6e9-40f2-a9a1-e970b9827846', 'tocilizumab', 95.4, 'Goldenrod', 'Tagfeed', 'Industrial'),
('9a0ec273-e30a-46b1-9e7f-a39cc9772566', '07972cc1-56bd-4207-bf10-e540e5311f18', 'Phenylephrine hydrochloride', 83.0, 'Khaki', 'Meeveo', 'Movies'),
('e55f3e77-1acf-47b1-8375-c1b2f1adf8e3', '035d2317-fdfb-4995-8a3c-841cffa0d755', 'verapamil hydrochloride', 56.1, 'Orange', 'Yakitri', 'Home'),
('c6d99058-57b2-461d-96b7-b9716a42d7fb', '1a1bcc8c-81cd-4367-a9c6-39a28dc432ed', 'Ibuprofen', 116.3, 'Puce', 'Twitterwire', 'Books'),
('102f4f86-d40f-4a9b-b785-d32dd5180a66', '0ba79a57-ba94-46e5-b732-2fb1ae43aa9f', 'Fluoxetine', -53.8, 'Khaki', 'Flashdog', 'Movies'),
('813c6765-4c90-432f-812b-c80906ecf564', '0b0aa4e3-f6e9-40f2-a9a1-e970b9827846', 'Warfarin Sodium', 130.5, 'Goldenrod', 'Quatz', 'Games'),
('4ba02f3f-98bd-4843-af68-0f5153b2417a', '0ee5a8d7-60d1-4808-b807-9f101a1e25ad', 'OCTINOXATE', 29.6, 'Teal', 'Roombo', 'Toys'),
('fd5cc3ac-2dd6-4956-af3f-f26537ea5bee', '0ba79a57-ba94-46e5-b732-2fb1ae43aa9f', 'Acetaminophen', 29.2, 'Puce', 'Gigaclub', 'Grocery'),
('044acd0f-d63a-45a4-8cd7-8c36b39e6707', '0ee5a8d7-60d1-4808-b807-9f101a1e25ad', 'Octinoxate and Titanium dioxide', 56.1, 'Maroon', 'Gabspot', 'Toys'),
('441d6440-67be-4c8c-ad8f-6df90417d799', '0b0aa4e3-f6e9-40f2-a9a1-e970b9827846', 'lanreotide acetate', 29.5, 'Fuscia', 'Vipe', 'Clothing'),
('8cb77e87-42d5-4558-b252-8cff75e79023', '0ee5a8d7-60d1-4808-b807-9f101a1e25ad', 'Acetaminophen', 69.4, 'Pink', 'Lazzy', 'Garden'),
('e8b654f1-4bcb-47c5-84e1-1d93bb8c0fdd', '0b0aa4e3-f6e9-40f2-a9a1-e970b9827846', 'CARBAMAZEPINE', -24.9, 'Fuscia', 'Tazz', 'Home'),
('acf9dadd-4b5e-43b2-b086-4b677d6822be', '035d2317-fdfb-4995-8a3c-841cffa0d755', 'Standardized Meadow Fescue Grass Pollen', 163.3, 'Orange', 'Buzzdog', 'Music'),
('3954dc98-831c-4884-a6a6-bd6b37bb7fc5', '1a1bcc8c-81cd-4367-a9c6-39a28dc432ed', 'epinephrine', 219.3, 'Orange', 'Ozu', 'Clothing'),
('f4d7f35f-5a75-4017-ad72-a4e3c5a81cdc', '18d83cc9-f6a9-48de-8775-ac2b66ac50d2', 'BENZALKONIUM CHLORIDE', 88.1, 'Aquamarine', 'Rhyloo', 'Jewelry'),
('14990d12-d3df-41c0-b4ff-689aa4ba8abc', '18d83cc9-f6a9-48de-8775-ac2b66ac50d2', 'Stannous Fluoride', 107.7, 'Indigo', 'Eadel', 'Toys'),
('dbb3e457-ca97-4173-b603-83247422a19e', '18d83cc9-f6a9-48de-8775-ac2b66ac50d2', 'Polyethylene Glycol 3350', 156.5, 'Mauv', 'Tazz', 'Home'),
('6a8dad26-0576-471a-852c-7b75c924911a', '1a1bcc8c-81cd-4367-a9c6-39a28dc432ed', 'ranitidine hydrochloride', 102.7, 'Blue', 'Thoughtblab', 'Home'),
('3a4cc71d-7bbd-4c1b-9c9d-8d6bc5afb9a2', '29148be9-9bac-4ff8-b734-c5a408a96093', 'Bupropion Hydrochloride', 161.9, 'Yellow', 'Oodoo', 'Electronics'),
('3515fcf4-737b-4d79-9e03-815c8293b705', '1a1bcc8c-81cd-4367-a9c6-39a28dc432ed', 'Chlorpromazine Hydrochloride', 152.2, 'Blue', 'Feedmix', 'Electronics'),
('b0e2d0a1-6aa2-4f2f-9199-d2adb6ecb8e7', '22a306a5-de89-4444-87f6-3783e5c75da9', 'Avobenzone', 82.9, 'Violet', 'Realbridge', 'Clothing'),
('1dd659e2-dedd-4070-8cfa-4458356e6a23', '07972cc1-56bd-4207-bf10-e540e5311f18', 'OCTINOXATE', 85.9, 'Orange', 'Topicware', 'Jewelry'),
('b518c1fa-fc22-44d1-b319-79d346d8c272', '0ee5a8d7-60d1-4808-b807-9f101a1e25ad', 'Amlodipine Besylate and Benazepril Hydrochloride', 77.3, 'Puce', 'Riffpedia', 'Grocery'),
('786b16f2-3d0d-4a6d-93e3-e8afce1aa7cf', '07972cc1-56bd-4207-bf10-e540e5311f18', 'CHELIDONIUM MAJUS', 182.4, 'Indigo', 'Yadel', 'Electronics'),
('2c4259a7-aeac-401b-a225-cef679e0450a', '035d2317-fdfb-4995-8a3c-841cffa0d755', 'IODIUM', 82.0, 'Yellow', 'Livefish', 'Movies'),
('4bc97377-fbab-4365-85b0-5c2d55cb11ec', '22a306a5-de89-4444-87f6-3783e5c75da9', 'Menthol', 68.8, 'Aquamarine', 'Yoveo', 'Games'),
('929497f3-fb09-4033-becd-010434f63949', '22a306a5-de89-4444-87f6-3783e5c75da9', 'Glycerin', 101.5, 'Blue', 'Zoomcast', 'Movies'),
('cd202f28-8526-420d-a5b8-08837ec315d1', '0ee5a8d7-60d1-4808-b807-9f101a1e25ad', 'ARMODAFINIL', 83.3, 'Khaki', 'Aimbo', 'Beauty'),
('dc13be2d-6209-42fd-91f6-f6cb5b3899ba', '1a1bcc8c-81cd-4367-a9c6-39a28dc432ed', 'Potassium Chloride', 107.7, 'Blue', 'Oyondu', 'Electronics'),
('0f824d8a-0367-4897-8cad-7aa0c97ceed3', '0ba79a57-ba94-46e5-b732-2fb1ae43aa9f', 'alprazolam', 65.5, 'Maroon', 'Eidel', 'Beauty'),
('610c8c5c-ed6c-4b6c-8dec-c7ea8caeab5a', '0ba79a57-ba94-46e5-b732-2fb1ae43aa9f', 'Sodium Chloride', 208.2, 'Teal', 'Kazio', 'Tools'),
('c7f42fd4-8934-4dbe-9eba-d0856bf2836e', '07972cc1-56bd-4207-bf10-e540e5311f18', 'Aconitum napellus', 125.0, 'Yellow', 'Skyba', 'Toys'),
('1abcc451-d70d-4c8b-8edb-15bb349785ce', '0ba79a57-ba94-46e5-b732-2fb1ae43aa9f', 'metoprolol tartrate', 106.5, 'Pink', 'Blognation', 'Grocery'),
('b77c56ae-fab3-4623-beb3-cee28dcb6068', '0b0aa4e3-f6e9-40f2-a9a1-e970b9827846', 'Banana', 75.7, 'Fuscia', 'Brainlounge', 'Electronics'),
('0134a241-85dc-4784-b4b8-998a6210499f', '22a306a5-de89-4444-87f6-3783e5c75da9', 'CALCIUM POLYCARBOPHIL', 109.6, 'Green', 'Mynte', 'Kids'),
('649b0066-5bc5-4f28-a32a-721860a34a20', '035d2317-fdfb-4995-8a3c-841cffa0d755', 'acetaminophen', 74.6, 'Crimson', 'Eamia', 'Automotive'),
('35fd1d1f-500f-4062-bc99-f2ef4b14c67b', '0b0aa4e3-f6e9-40f2-a9a1-e970b9827846', 'Titanium Dioxide', 35.2, 'Puce', 'Tambee', 'Health'),
('8e1af531-ecd3-4c1f-ab2a-b0f2af985338', '0ee5a8d7-60d1-4808-b807-9f101a1e25ad', 'Gabapentin', 90.9, 'Teal', 'Skimia', 'Tools'),
('019dc693-eb32-4cc3-a21c-01a55f311f58', '0ee5a8d7-60d1-4808-b807-9f101a1e25ad', 'Diltiazem Hydrochloride', 56.3, 'Green', 'Fadeo', 'Sports'),
('5cbb8186-bd86-403c-884a-56d151803e9f', '29148be9-9bac-4ff8-b734-c5a408a96093', 'Miconazole nitrate', 116.1, 'Khaki', 'Buzzster', 'Industrial'),
('a6abd2d6-c83d-45a5-8c20-152c287f2d02', '1c9ef3df-bed1-4b11-90f8-49471d0d8048', 'Octocrylene and Octinoxate', 72.5, 'Khaki', 'Twimbo', 'Clothing'),
('15079a68-636e-4b45-92a4-68d86c17db17', '1c9ef3df-bed1-4b11-90f8-49471d0d8048', 'SPIRONOLACTONE', 62.6, 'Khaki', 'BlogXS', 'Toys'),
('79c4d54e-1cbc-4b4e-a13f-d65dc52bc374', '0ee5a8d7-60d1-4808-b807-9f101a1e25ad', 'Bupropion Hydrochloride', 37.5, 'Puce', 'Gigaclub', 'Computers'),
('9ec820ea-7b4d-4a9a-873d-9dc76205c02b', '1c9ef3df-bed1-4b11-90f8-49471d0d8048', 'Penicillin V Potassium', 41.8, 'Yellow', 'Npath', 'Tools'),
('739841a8-e4f0-4433-8cae-04ac0eabaf80', '0ee5a8d7-60d1-4808-b807-9f101a1e25ad', 'alprazolam', 79.2, 'Puce', 'Buzzbean', 'Electronics'),
('f7f24651-f3c3-41ef-99bc-c2a07565311a', '0ba79a57-ba94-46e5-b732-2fb1ae43aa9f', 'Equisetum Viscum', 181.9, 'Puce', 'Realpoint', 'Home'),
('04162534-add2-46e7-98d3-adaa422197fc', '0ee5a8d7-60d1-4808-b807-9f101a1e25ad', 'Acetaminophen', 128.0, 'Fuscia', 'Flipstorm', 'Jewelry'),
('a2f51216-d5ba-4529-9f2c-674f31f2cd95', '0b0aa4e3-f6e9-40f2-a9a1-e970b9827846', 'Dog Fennel', 122.6, 'Maroon', 'Yambee', 'Automotive'),
('c55e28c3-adf6-4c42-80ca-a8c8a9874ca1', '035d2317-fdfb-4995-8a3c-841cffa0d755', 'benzoyl peroxide', 65.7, 'Purple', 'Vitz', 'Home'),
('14545526-b77e-4942-bd6a-6365e6c7526f', '22a306a5-de89-4444-87f6-3783e5c75da9', 'Oxymetazoline Hydrochloride', 149.0, 'Crimson', 'Zoomlounge', 'Beauty'),
('16add66a-6cd2-491e-a2f6-347d614f1f8c', '0ee5a8d7-60d1-4808-b807-9f101a1e25ad', 'lisinopril', -10.7, 'Green', 'Zoovu', 'Sports'),
('6d43ae71-1505-44bd-9728-d49bb689dcba', '0ee5a8d7-60d1-4808-b807-9f101a1e25ad', 'Cetirizine Hydrochloride', 28.3, 'Goldenrod', 'Photospace', 'Shoes'),
('e50a149b-e988-43a6-a09c-cd1a975f46bf', '29148be9-9bac-4ff8-b734-c5a408a96093', 'Oxycodone and Acetaminophen', -6.3, 'Green', 'Jetwire', 'Grocery'),
('45bdc4c3-2be1-4367-ac7b-1f9e8899dac8', '18d83cc9-f6a9-48de-8775-ac2b66ac50d2', 'PETROLATUM', 52.3, 'Goldenrod', 'Tagtune', 'Beauty'),
('1cdd4331-4a2f-422e-a83b-a94afedcf890', '18d83cc9-f6a9-48de-8775-ac2b66ac50d2', 'POLYVINYL ALCOHOL', 97.0, 'Green', 'Buzzshare', 'Automotive'),
('f0c64236-13ff-4207-bc37-d6867a0486e5', '0b0aa4e3-f6e9-40f2-a9a1-e970b9827846', 'Petasites Plantago', 50.2, 'Aquamarine', 'Brightbean', 'Toys'),
('b395d07e-af10-424a-8236-05e57fd07d87', '18d83cc9-f6a9-48de-8775-ac2b66ac50d2', 'Red Mulberry', -56.6, 'Puce', 'Jabbercube', 'Jewelry'),
('875ba448-1739-43e7-aad8-c18818ca0401', '0ba79a57-ba94-46e5-b732-2fb1ae43aa9f', 'norgestimate and ethinyl estradiol', 112.3, 'Purple', 'Vinder', 'Grocery'),
('1ed91a00-31b9-4a0c-8a4e-26ff164ea30a', '0ba79a57-ba94-46e5-b732-2fb1ae43aa9f', 'flumazenil', 65.8, 'Yellow', 'Yodoo', 'Health'),
('f2ee15c1-4654-4469-ab80-ab26ceee0540', '07972cc1-56bd-4207-bf10-e540e5311f18', 'nifedipine', 136.9, 'Crimson', 'Skynoodle', 'Industrial'),
('e7af70f3-7cb9-460d-ad49-373d4ce29c31', '0b0aa4e3-f6e9-40f2-a9a1-e970b9827846', 'Sodium fluoride', 210.1, 'Puce', 'Snaptags', 'Shoes'),
('de471e78-ab92-4805-b469-ab9e70c326dc', '18d83cc9-f6a9-48de-8775-ac2b66ac50d2', 'Stavudine', 83.7, 'Fuscia', 'Yambee', 'Garden'),
('b4ec055f-224c-4731-b464-aca58118dc29', '22a306a5-de89-4444-87f6-3783e5c75da9', 'Avobenzone', 196.2, 'Teal', 'Flipopia', 'Music'),
('efabdb0d-6349-4812-a969-fa48cfa155c1', '29148be9-9bac-4ff8-b734-c5a408a96093', 'Lorazepam', 151.2, 'Goldenrod', 'Tagopia', 'Kids'),
('aa577b53-787f-4597-ba2e-4caed629526a', '22a306a5-de89-4444-87f6-3783e5c75da9', 'SODIUM FLUORIDE', 114.4, 'Purple', 'Teklist', 'Games'),
('a53c5504-d0cb-42d4-83b5-affad2257aa8', '07972cc1-56bd-4207-bf10-e540e5311f18', 'oxycodone hydrochloride and acetaminophen', 56.7, 'Aquamarine', 'Vitz', 'Garden'),
('bb4ede0f-f3a5-4243-8bfd-11c0c8f14f80', '18d83cc9-f6a9-48de-8775-ac2b66ac50d2', 'Enalapril Maleate', 179.0, 'Puce', 'Skiba', 'Automotive'),
('5e9410ec-8062-48a5-9607-78033cdb4da8', '0ee5a8d7-60d1-4808-b807-9f101a1e25ad', 'gemcitabine', 99.3, 'Indigo', 'Mita', 'Music'),
('1fe32ffd-3c1c-43e3-adfc-ce71eeecc98c', '035d2317-fdfb-4995-8a3c-841cffa0d755', 'Metoprolol tartrate', 79.1, 'Pink', 'Skiba', 'Baby'),
('28aed90b-66af-47a4-943f-b2982d3b29f9', '0ee5a8d7-60d1-4808-b807-9f101a1e25ad', 'Hydrocodone Bitartrate And Acetaminophen', 157.3, 'Teal', 'Browsebug', 'Computers'),
('021e1eef-e4c0-4b8d-990c-e18b9910c3f3', '0ee5a8d7-60d1-4808-b807-9f101a1e25ad', 'PredniSONE', 65.2, 'Turquoise', 'Devshare', 'Baby'),
('01b77929-ea8e-4757-be37-2a95f3ec4801', '0ee5a8d7-60d1-4808-b807-9f101a1e25ad', 'DOCUSATE SODIUM', 196.8, 'Purple', 'Linkbuzz', 'Baby'),
('f8e9ac7b-bbdc-489d-8eba-3bcadb028a41', '035d2317-fdfb-4995-8a3c-841cffa0d755', 'Lidocaine HCI', 146.2, 'Goldenrod', 'Bluezoom', 'Music'),
('5a5c8869-08cd-488a-b86f-d365dcabda23', '035d2317-fdfb-4995-8a3c-841cffa0d755', 'Bambusa Aesculus', 150.7, 'Fuscia', 'Oyope', 'Beauty'),
('ab14396b-2a07-4a29-9d34-c88c974101dc', '035d2317-fdfb-4995-8a3c-841cffa0d755', 'Simvastatin', 99.8, 'Turquoise', 'Innojam', 'Automotive'),
('c4b6cb23-c6d0-4681-b5ac-d9f588927975', '0ee5a8d7-60d1-4808-b807-9f101a1e25ad', 'Acetaminophen', 88.3, 'Orange', 'Gabspot', 'Automotive'),
('e34128b8-c5cf-4381-abd2-f2a43371bcb8', '29148be9-9bac-4ff8-b734-c5a408a96093', 'Olanzapine', 137.7, 'Aquamarine', 'Oyope', 'Industrial'),
('07aae387-20a5-4539-8305-89c2a2deab0c', '07972cc1-56bd-4207-bf10-e540e5311f18', 'topiramate', 97.0, 'Crimson', 'Wordware', 'Games'),
('85cb6b57-c2bd-40aa-a69a-0c2b484b3959', '18d83cc9-f6a9-48de-8775-ac2b66ac50d2', 'prednisolone sodium phosphate', 56.7, 'Indigo', 'Skyvu', 'Outdoors'),
('3e7fc9a1-1ed0-4948-a4bd-b4f7e4258618', '0b0aa4e3-f6e9-40f2-a9a1-e970b9827846', 'Diphenhydramine Hydrochloride', 44.5, 'Blue', 'Gigabox', 'Kids'),
('e50ee029-3374-48ab-b4d6-3a4699dbf93f', '0ba79a57-ba94-46e5-b732-2fb1ae43aa9f', 'Caffeine', 172.3, 'Crimson', 'Gigaclub', 'Beauty'),
('3ec9f5fb-a044-4f9f-9c62-5202736c94b4', '0ba79a57-ba94-46e5-b732-2fb1ae43aa9f', 'Ketorolac Tromethamine', 56.7, 'Violet', 'Gabcube', 'Automotive'),
('89de22ad-e6fe-48fd-9ae7-146365d8ba15', '07972cc1-56bd-4207-bf10-e540e5311f18', 'ESZOPICLONE', 68.4, 'Khaki', 'Linktype', 'Books'),
('8aecad83-6ede-407b-bd2c-bb172ae98b2d', '0ee5a8d7-60d1-4808-b807-9f101a1e25ad', 'ARNICA MONTANA - RHUS TOXICODENDRON - RUTA GRAVEOLENS', 36.0, 'Pink', 'Skynoodle', 'Books'),
('080aefc5-a014-47db-b2be-8075a9588990', '18d83cc9-f6a9-48de-8775-ac2b66ac50d2', 'Diphenhydramine HCl', 19.0, 'Pink', 'Oyoyo', 'Home'),
('b65bb944-3e64-4905-b7ac-3264c43cfa74', '0ba79a57-ba94-46e5-b732-2fb1ae43aa9f', 'MINERAL OIL', 42.4, 'Aquamarine', 'Rhycero', 'Computers'),
('dc288619-9117-41c3-9918-4e4012488e83', '035d2317-fdfb-4995-8a3c-841cffa0d755', 'INTERLEUKIN-9', 164.4, 'Violet', 'Eabox', 'Toys'),
('9261f6dd-1da2-4f3f-a1f7-7338e2336490', '0ee5a8d7-60d1-4808-b807-9f101a1e25ad', 'Lamivudine and Zidovudine', 61.1, 'Puce', 'Riffpedia', 'Automotive'),
('0981e1f8-f355-44f9-8f39-7f3fd38441f7', '22a306a5-de89-4444-87f6-3783e5c75da9', 'ALUMINUM ZIRCONIUM TETRACHLOROHYDREX GLY', 30.0, 'Pink', 'Mynte', 'Baby'),
('7403254f-cf7d-49f0-b420-582820d55e32', '0ee5a8d7-60d1-4808-b807-9f101a1e25ad', 'triclosan', 101.7, 'Turquoise', 'Blognation', 'Sports')



create table if not exists Customer(
	customerId VARCHAR(50),
	name VARCHAR(50),
	phone VARCHAR(50),
	address VARCHAR(50),
	primary key (customerId)
);

insert into Customer (customerId, name, phone, address)
values
('gnotton0@gmpg.org', 'Gabriell Notton', '(659) 3699113', '14822 Sullivan Lane'),
('caskey1@about.me', 'Cam Askey', '(390) 1677544', '994 Oriole Circle'),
('ltirkin2@yellowpages.com', 'Loralee Tirkin', '(434) 6912119', '3 Crowley Terrace'),
('hyanshonok3@ucla.edu', 'Holmes Yanshonok', '(159) 1976721', '501 Killdeer Parkway'),
('hfairley4@goodreads.com', 'Hester Fairley', '(671) 3647299', '246 Elka Trail'),
('omeininking5@bravesites.com', 'Othelia Meininking', '(276) 5117234', '125 Barnett Lane'),
('cstollenberg6@sciencedaily.com', 'Chelsie Stollenberg', '(704) 8553503', '79 Karstens Drive'),
('ehasely7@ocn.ne.jp', 'Emmett Hasely', '(339) 4993593', '68 Schurz Crossing'),
('omathonnet8@nydailynews.com', 'Obie Mathonnet', '(330) 9546979', '884 Kings Drive'),
('sbrokenshaw9@creativecommons.org', 'Sybila Brokenshaw', '(246) 5178341', '7302 Merry Crossing'),
('rkennermanna@com.com', 'Renie Kennermann', '(274) 1803261', '01929 Arapahoe Lane'),
('vchaliceb@last.fm', 'Viviyan Chalice', '(882) 1289168', '9 Artisan Drive'),
('nhargc@surveymonkey.com', 'Nalani Harg', '(993) 6189860', '99 Havey Circle'),
('ehuddlesd@blogtalkradio.com', 'Eimile Huddles', '(524) 3040902', '48662 Scofield Parkway'),
('bbriscoe@mapquest.com', 'Brandtr Brisco', '(162) 2640943', '7444 Elgar Terrace'),
('jpetrollif@sina.com.cn', 'Jens Petrolli', '(511) 4143511', '83185 Marcy Court'),
('lhalfhydeg@bbb.org', 'Leopold Halfhyde', '(406) 4582851', '1791 Graceland Avenue'),
('hquanh@flavors.me', 'Hobey Quan', '(545) 8268493', '5 Mccormick Parkway'),
('kandreiai@engadget.com', 'Kial Andreia', '(825) 9511840', '58 Meadow Vale Hill'),
('gmewj@chronoengine.com', 'Gaspar Mew', '(960) 1051185', '487 Northland Hill'),
('cwhitseyk@ustream.tv', 'Clay Whitsey', '(300) 1460818', '3 Prairieview Avenue'),
('gpettegrel@wix.com', 'Gail Pettegre', '(395) 1611101', '82 Gateway Point'),
('iswaddlem@hao123.com', 'Iain Swaddle', '(571) 9183178', '29213 Union Drive'),
('wyitzhakofn@youtube.com', 'Willabella Yitzhakof', '(992) 4452213', '8362 Gateway Center'),
('vloreko@storify.com', 'Vivienne Lorek', '(930) 4723520', '72784 Larry Crossing'),
('dillistonp@smh.com.au', 'Damita Illiston', '(666) 8719182', '09 Main Trail'),
('aspragueq@yandex.ru', 'Allene Sprague', '(226) 7067839', '1229 Spenser Place'),
('rnozzoliniir@usgs.gov', 'Rici Nozzolinii', '(253) 5862648', '57 Redwing Street'),
('kormans@sohu.com', 'Kurtis Orman', '(782) 4785923', '0 Larry Place'),
('sdressellt@behance.net', 'Sydney Dressell', '(988) 3209390', '72717 Grim Trail'),
('sespinazou@ucla.edu', 'Sal Espinazo', '(693) 6817848', '863 Clove Point'),
('mgiacominiv@amazon.de', 'Masha Giacomini', '(946) 5801764', '67960 Forest Dale Hill'),
('soscroftw@smugmug.com', 'Sammy Oscroft', '(268) 9627837', '307 Mcbride Crossing'),
('tfarnallx@prlog.org', 'Torrey Farnall', '(987) 3913918', '95511 Calypso Lane'),
('abalmay@yahoo.com', 'Adriaens Balma', '(837) 2711910', '1798 School Alley'),
('krossz@drupal.org', 'Kipper Ross', '(531) 1160005', '23 Roxbury Lane'),
('mbeaten10@utexas.edu', 'Merill Beaten', '(491) 3746403', '54 Lien Trail'),
('pmachent11@t.co', 'Pat Machent', '(111) 7309571', '12 Ridge Oak Terrace'),
('jmacduffie12@eepurl.com', 'Joyann MacDuffie', '(722) 3543634', '12 Spenser Pass'),
('wten13@google.de', 'Walton Ten Broek', '(727) 4821522', '2 Pine View Park'),
('sdabell14@networksolutions.com', 'Selby Dabell', '(933) 3542108', '048 Hovde Place'),
('fpleasaunce15@gov.uk', 'Fred Pleasaunce', '(132) 1216018', '8 Knutson Drive'),
('acorragan16@admin.ch', 'Anselma Corragan', '(758) 9406460', '96 Red Cloud Way'),
('sschofield17@prnewswire.com', 'Sisile Schofield', '(627) 1722579', '1 Myrtle Road'),
('omorillas18@youtube.com', 'Olive Morillas', '(130) 4187610', '9569 Ronald Regan Avenue'),
('abiaggi19@cbslocal.com', 'Adena Biaggi', '(444) 2188080', '36 Elgar Way'),
('cpeterken1a@symantec.com', 'Cinderella Peterken', '(287) 1923619', '826 Dapin Pass'),
('cmclukie1b@salon.com', 'Clarke McLukie', '(315) 7924147', '261 Cordelia Terrace'),
('vremon1c@mail.ru', 'Vonny Remon', '(363) 4197326', '9 Schurz Junction'),
('emanach1d@booking.com', 'Evangelina Manach', '(173) 7592909', '1189 Morrow Plaza')

drop table if exists `Order`;

create table if not exists `Order`(
	orderId INT AUTO_INCREMENT,
	customerId VARCHAR(50),
	`status` VARCHAR(50),
	PRIMARY KEY (orderId),
	FOREIGN KEY (customerId) REFERENCES Customer(customerId)
);

insert into `Order` (orderId, customerId, `status`) values
(1, 'emanach1d@booking.com', 'Paid'),
(2, 'vremon1c@mail.ru', 'Pending'),
(3, 'omorillas18@youtube.com', 'Paid'),
(4, 'emanach1d@booking.com', 'Cancelled')


drop table if exists OrderItem;

create table OrderItem (
    orderId INT,
    itemId VARCHAR(50),
    quantity INT,
    PRIMARY KEY (orderId, itemId),
    FOREIGN KEY (orderId) REFERENCES `Order`(orderId),
    FOREIGN KEY (itemId) REFERENCES Item(itemId)
);

insert into OrderItem (orderId, itemId, quantity) values
(1, '27d02975-f4cd-4acf-b8b5-2b2b12fb06eb', 2),
(1, '6d43ae71-1505-44bd-9728-d49bb689dcba', 3),
(1, '8cb77e87-42d5-4558-b252-8cff75e79023', 4),
(2, '7403254f-cf7d-49f0-b420-582820d55e32', 1),
(2, '27d02975-f4cd-4acf-b8b5-2b2b12fb06eb', 2),
(2, '6d43ae71-1505-44bd-9728-d49bb689dcba', 3),
(3, '6d43ae71-1505-44bd-9728-d49bb689dcba', 4),
(3, '27d02975-f4cd-4acf-b8b5-2b2b12fb06eb', 5),
(3, '5a5c8869-08cd-488a-b86f-d365dcabda23', 6),
(4, '7403254f-cf7d-49f0-b420-582820d55e32', 3),
(4, '8cb77e87-42d5-4558-b252-8cff75e79023', 3),
(4, 'c7f42fd4-8934-4dbe-9eba-d0856bf2836e', 2)